<core:FragmentDefinition xmlns="sap.m" xmlns:core="sap.ui.core">
  <TableSelectDialog id="myDialog" 
                       noDataText="No se ha encontrado datos" 
                       title="Seleccione Prioridad" 
                       search=".handleSearch" 
                       confirm=".handleClose" 
                       cancel=".handleClose" 
                       items="{
			path : '/NotificationPrioritySet',
			sorter : [ { path: 'Maintprioritytype',
                         descending: false,
                         group: true },
                         { path: 'Maintpriority',
                            descending: false } ] }">

        <ColumnListItem>
            <cells>
                <Text text="{Maintpriority}"/>
                <Text text="{Maintprioritytype}" />
                <Text text="{Maintprioritydesc}" />
            </cells>
        </ColumnListItem>

        <columns>
            <Column width="12em">
                <header>
                    <Text text="Prioridad" />
                </header>
            </Column>
            <Column minScreenWidth="Tablet" demandPopin="true">
                <header>
                    <Text text="{/#NotificationPriority/Maintprioritytype/@sap:label}" />
                </header>
            </Column>
            <Column minScreenWidth="Tablet" demandPopin="true">
                <header>
                    <Text text="{/#NotificationPriority/Maintprioritydesc/@sap:label}" />
                </header>
            </Column>
        </columns>
    </TableSelectDialog>
</core:FragmentDefinition>
